Campagne,Groupe d'annonces,Mot-clé,Type de correspondance,Enchère max (€)
Search_Seminaire_IDF,Seminaire_78_Yvelines,séminaire entreprise 78,Expression,1.00
Search_Seminaire_IDF,Seminaire_78_Yvelines,château séminaire Yvelines,Expression,1.00
Search_Seminaire_IDF,Seminaire_78_Yvelines,lieu séminaire confidentiel 78,Expression,1.00
Search_Seminaire_IDF,Seminaire_78_Yvelines,salle réunion prestige Yvelines,Expression,1.00
Search_Seminaire_IDF,Seminaire_78_Yvelines,château entreprise 78,Expression,1.00
Search_Seminaire_IDF,Seminaire_77_Seine_Marne,séminaire entreprise 77,Expression,1.00
Search_Seminaire_IDF,Seminaire_77_Seine_Marne,château séminaire Seine-et-Marne,Expression,1.00
Search_Seminaire_IDF,Seminaire_77_Seine_Marne,lieu séminaire confidentiel 77,Expression,1.00
Search_Seminaire_IDF,Seminaire_77_Seine_Marne,salle réunion prestige 77,Expression,1.00
Search_Seminaire_IDF,Seminaire_77_Seine_Marne,château entreprise Seine-et-Marne,Expression,1.00
Search_Seminaire_IDF,Seminaire_91_Essonne,séminaire entreprise 91,Expression,1.00
Search_Seminaire_IDF,Seminaire_91_Essonne,château séminaire Essonne,Expression,1.00
Search_Seminaire_IDF,Seminaire_91_Essonne,lieu séminaire confidentiel 91,Expression,1.00
Search_Seminaire_IDF,Seminaire_91_Essonne,salle réunion prestige Essonne,Expression,1.00
Search_Seminaire_IDF,Seminaire_91_Essonne,château entreprise 91,Expression,1.00
Search_Seminaire_IDF,Seminaire_92_Hauts_de_Seine,séminaire entreprise 92,Expression,1.00
Search_Seminaire_IDF,Seminaire_92_Hauts_de_Seine,château séminaire Hauts-de-Seine,Expression,1.00
Search_Seminaire_IDF,Seminaire_92_Hauts_de_Seine,lieu séminaire confidentiel 92,Expression,1.00
Search_Seminaire_IDF,Seminaire_92_Hauts_de_Seine,salle réunion prestige 92,Expression,1.00
Search_Seminaire_IDF,Seminaire_92_Hauts_de_Seine,château entreprise Hauts-de-Seine,Expression,1.00
Search_Seminaire_IDF,Seminaire_94_Val_de_Marne,séminaire entreprise 94,Expression,1.00
Search_Seminaire_IDF,Seminaire_94_Val_de_Marne,château séminaire Val-de-Marne,Expression,1.00
Search_Seminaire_IDF,Seminaire_94_Val_de_Marne,lieu séminaire confidentiel 94,Expression,1.00
Search_Seminaire_IDF,Seminaire_94_Val_de_Marne,salle réunion prestige 94,Expression,1.00
Search_Seminaire_IDF,Seminaire_94_Val_de_Marne,château entreprise Val-de-Marne,Expression,1.00
Search_Seminaire_IDF,Seminaire_95_Val_d_Oise,séminaire entreprise 95,Expression,1.00
Search_Seminaire_IDF,Seminaire_95_Val_d_Oise,château séminaire Val-d'Oise,Expression,1.00
Search_Seminaire_IDF,Seminaire_95_Val_d_Oise,lieu séminaire confidentiel 95,Expression,1.00
Search_Seminaire_IDF,Seminaire_95_Val_d_Oise,salle réunion prestige 95,Expression,1.00
Search_Seminaire_IDF,Seminaire_95_Val_d_Oise,château entreprise Val-d'Oise,Expression,1.00
Search_Seminaire_IDF,Seminaire_Ile_de_France,séminaire entreprise Île-de-France,Expression,1.00
Search_Seminaire_IDF,Seminaire_Ile_de_France,château séminaire IDF,Expression,1.00
Search_Seminaire_IDF,Seminaire_Ile_de_France,lieu séminaire confidentiel Île-de-France,Expression,1.00
Search_Seminaire_IDF,Seminaire_Ile_de_France,salle réunion prestige IDF,Expression,1.00
Search_Seminaire_IDF,Seminaire_Ile_de_France,séminaire direction Île-de-France,Expression,1.00
Search_Seminaire_Oise,Seminaire_60_Oise,séminaire entreprise 60,Expression,1.00
Search_Seminaire_Oise,Seminaire_60_Oise,château séminaire Oise,Expression,1.00
Search_Seminaire_Oise,Seminaire_60_Oise,lieu séminaire confidentiel Oise,Expression,1.00
Search_Seminaire_Oise,Seminaire_60_Oise,salle réunion prestige 60,Expression,1.00
Search_Seminaire_Oise,Seminaire_60_Oise,château entreprise Oise,Expression,1.00
Search_Seminaire_Oise,Seminaire_60_Oise,séminaire direction 60,Expression,1.00
